"","PIP","Post Mean","Post SD","Cond.Pos.Sign","Idx"
"taxonomy",0.911409679466067,-0.7049230842426,0.315194368892578,0,2
"activity pattern",0.190306081724327,0.0604066289046201,0.183243008513971,1,3
"generation time",0.161149864224929,-0.0191739716197873,0.0692624180337486,0.01046508,4
"humid ecoregion",0.13971186376732,0.035172007034086,0.166043455017376,1,5
"elevation dispersion",0.13762862332352,6.20883373275194e-05,0.000302535685107824,1,1
"arid ecoregion",0.126710842571991,-0.0159891412668973,0.114858164662708,0.01727149,6
"habitat use",0.123041430266165,0.0102853873954702,0.0885764128304021,0.88278608,7
"SVL",0.117830372289778,0.000573311787052609,0.0272960421246666,0.29233659,8
