"","PIP","Post Mean","Post SD","Cond.Pos.Sign","Idx"
"taxonomy",0.513655300398041,-0.184721626875262,0.225510329294758,0,2
"activity pattern",0.387496791831356,-0.120317940510587,0.188654123343966,0,3
"habitat use",0.155884601406514,0.0157618707747777,0.0695004369446317,0.91327091,7
"elevation dispersion",0.145148533677089,4.091140208897e-05,0.000182331257175616,1,1
"SVL",0.139267437839338,-0.00324127447015726,0.0198384760337298,0.2673129,8
"humid ecoregion",0.127254610216409,0.0121344360576171,0.0848847011844531,0.84649473,5
"arid ecoregion",0.124805720795253,0.00382617991540502,0.0633110893469705,0.58831996,6
"generation time",0.116753472378063,0.000758215344563762,0.0285945267646296,0.5339269,4
